{
  "id": "b7cbf5fa-1566-4b5c-bfed-6edaeb7a5a9a",
  "name": "duration",
  "isOverridable": true,
  "entries": [
    {
      "value": "short",
      "synonyms": [
        "short",
        "very little",
        "few minutes"
      ]
    },
    {
      "value": "medium",
      "synonyms": [
        "medium",
        "not much",
        "several minutes",
        "not a lot"
      ]
    },
    {
      "value": "long",
      "synonyms": [
        "long",
        "a lot",
        "all the time in the world",
        "lots of time",
        "plenty of time"
      ]
    }
  ],
  "isEnum": false,
  "automatedExpansion": false
}