{
  "id": "64aa33d0-eac2-461a-8c09-2d126aff4869",
  "name": "language",
  "isOverridable": true,
  "entries": [
    {
      "value": "en",
      "synonyms": [
        "en",
        "english",
        "american",
        "English",
        "American"
      ]
    },
    {
      "value": "fr",
      "synonyms": [
        "fr",
        "french",
        "francais",
        "French",
        "Francais"
      ]
    },
    {
      "value": "es",
      "synonyms": [
        "es",
        "spanish",
        "espanol",
        "español",
        "Spanish",
        "Espanol"
      ]
    }
  ],
  "isEnum": false,
  "automatedExpansion": false
}