{
  "id": "849bf01b-343b-4a3a-b8f1-ecb1e1e01b8c",
  "name": "order",
  "isOverridable": true,
  "entries": [
    {
      "value": "date",
      "synonyms": [
        "date",
        "most recent",
        "latest"
      ]
    },
    {
      "value": "rating",
      "synonyms": [
        "rating",
        "rated",
        "ranked",
        "popular"
      ]
    },
    {
      "value": "relevance",
      "synonyms": [
        "relevance",
        "relevant"
      ]
    },
    {
      "value": "viewCount",
      "synonyms": [
        "viewCount",
        "most viewed",
        "most watched",
        "most views"
      ]
    }
  ],
  "isEnum": false,
  "automatedExpansion": false
}